date,IRSrtn
2015-01-05,-0.19486378211976962
2015-01-06,3.889552650074135
2015-01-07,0.6234539913259951
2015-01-08,-2.453728806420008
2015-01-09,-0.7031025921595546
2015-01-12,1.65397964452918
2015-01-13,-1.1421523721930615
2015-01-14,-1.868002515156686
2015-01-16,-0.5215180242947426
2015-01-20,-0.2617640271155963
2015-01-21,4.045490651654049
2015-01-22,0.0629089670987959
2015-01-23,-1.32955752956061
2015-01-26,0.3816777309071373
2015-01-28,-1.9231254191772518
2015-01-29,-0.5191416353324652
2015-01-30,0.45439977844035084
2015-02-02,-0.5194934029067788
2015-02-03,0.32498669240688116
2015-02-04,0.904408458148076
2015-02-05,1.4048683950851792
2015-02-06,-1.469193774034272
2015-02-09,-0.45147640774301223
2015-02-10,1.4120895842061554
2015-02-11,1.3924340333987928
2015-02-12,2.5443538366651364
2015-02-13,0.30589901020081633
2015-02-17,1.5156483212857008
2015-02-18,2.025079317309997
2015-02-19,-2.205757004369291
2015-02-20,0.7805493576157563
2015-02-23,0.5963013609785239
2015-02-24,1.240780462284885
2015-02-25,1.1675622576204248
2015-02-26,-0.6404676806391674
2015-02-27,-0.8211210078130193
2015-03-02,-2.2633357828468537
2015-03-03,-0.3621121414501882
2015-03-04,0.7829065034391292
2015-03-05,3.651759604709248
2015-03-06,-0.11574010037098681
2015-03-09,3.191148881637673
2015-03-10,-1.868154205575756
2015-03-11,3.757101197515045
2015-03-12,3.035458653585854
2015-03-13,-0.053395208086781665
2015-03-16,2.5838449353772663
2015-03-17,4.1300767435315855
2015-03-18,5.254130182998917
2015-03-19,-3.275815132814053
2015-03-20,1.8438015852134892
2015-03-23,-3.3238566680218185
2015-03-24,0.7920900477447645
2015-03-25,-0.29630040675705516
2015-03-26,-4.501386521234041
2015-03-27,2.7049298780668085
2015-03-30,-0.4036309688922213
2015-03-31,-0.35452135909705973
2015-04-01,0.3039441881200311
2015-04-02,-0.10119689261207654
2015-04-06,0.6560417123445905
2015-04-07,-0.7573639770250828
2015-04-08,-0.3554443161742249
2015-04-09,-1.8480917175653477
2015-04-10,1.6953905234523337
2015-04-13,-1.5400570706177508
2015-04-14,1.8960321559298166
2015-04-15,-4.304523626382428
2015-04-16,-2.84889428259798
2015-04-17,-2.652086563050249
2015-04-20,2.214911349623927
2015-04-21,-0.3291262965810837
2015-04-22,0.9297468952228272
2015-04-23,1.833907761526632
2015-04-24,-0.05344627306023142
2015-04-27,1.010907079636958
2015-04-28,-0.7972390114618477
2015-04-29,-1.1808920235228282
2015-04-30,-2.183505117851725
2015-05-01,1.0976935940490762
2015-05-04,1.5168320878335084
2015-05-05,1.4411908002330165
2015-05-06,-0.6913193407410478
2015-05-07,-0.3206946761902252
2015-05-08,-0.5905994537678261
2015-05-11,-0.3776530832495073
2015-05-12,1.1821732583621625
2015-05-13,0.4264434670527173
2015-05-14,-0.15971002408798896
2015-05-15,-0.15995948811933225
2015-05-18,-0.16022179511487877
2015-05-19,-1.1287254180926798
2015-05-20,-0.9231586904038913
2015-05-21,-1.5393475259033895
2015-05-22,0.11072887665553033
2015-05-26,0.11063756925655532
2015-05-27,-0.27679877307562606
2015-05-28,-0.2219619228541969
2015-05-29,0.16652386686426546
2015-06-01,-0.44470857884868487
2015-06-02,3.8792206086922576
2015-06-04,2.1209763614963073
2015-06-05,-1.7999385335169649
2015-06-08,-0.6430975046465726
2015-06-09,2.075085925256781
2015-06-10,-0.3692970678278673
2015-06-11,-0.9025671288840798
2015-06-12,-1.4504695574975912
2015-06-15,-1.526757163419612
2015-06-16,-1.1049712276682389
2015-06-17,-2.1904870604917193
2015-06-18,0.3967208184540105
2015-06-19,0.8448295292865282
2015-06-22,7.610904274770114
2015-06-23,-0.6256620251265943
2015-06-24,-2.167679652474641
2015-06-25,0.9574608065767265
2015-06-26,-0.7438887424089824
2015-06-29,-3.583437252655619
2015-06-30,-0.7769454079142424
2015-07-01,-0.27892294262610307
2015-07-02,2.5373716125292045
2015-07-06,-3.6609853453203556
2015-07-07,-1.4225008454811228
2015-07-08,-3.558247318640939
2015-07-09,4.129687146855376
2015-07-10,1.245768610813025
2015-07-13,1.1192058876085653
2015-07-14,0.5549310329200363
2015-07-15,0.6618851494053946
2015-07-16,1.6358085824763613
2015-07-17,0.2700469445294562
2015-07-20,-4.636585190486153
2015-07-21,0.22575154891613103
2015-07-22,-0.6787445402708592
2015-07-23,-2.238260610660614
2015-07-24,-2.646430024314883
2015-07-27,-0.777754212428805
2015-07-28,1.1940507893487329
2015-07-29,0.8274298657797718
2015-07-30,-1.4823886916985884
2015-07-31,1.01040743075691
2015-08-03,2.683933304082897
2015-08-04,-3.515287307748549
2015-08-05,0.17871997515817029
2015-08-07,3.048304478127273
2015-08-10,3.3497348852090436
2015-08-11,-4.045002577626411
2015-08-12,-2.8901915394474287
2015-08-13,2.30712247248146
2015-08-14,-0.2342106433680602
2015-08-17,0.7009533074329166
2015-08-18,-0.9356806599240652
2015-08-19,-2.3782266032606802
2015-08-20,-4.3659011681516535
2015-08-21,-7.43496926401046
2015-08-24,-3.865224770010256
2015-08-25,0.8409252884532759
2015-08-26,1.935110914259841
2015-08-27,2.0325788876599304
2015-08-28,0.4683936246711706
2015-08-31,0.665334705421472
2015-09-01,-2.077118650455434
2015-09-02,-1.5694728345745368
2015-09-03,0.9582497831257086
2015-09-04,-1.9952351654984657
2015-09-08,1.4487964717793123
2015-09-10,-0.06851236731528765
2015-09-11,2.571176702747202
2015-09-14,-0.9395989306967945
2015-09-15,-0.608742604700474
2015-09-16,0.2033389451333356
2015-09-17,-0.06772353204738124
2015-09-18,-2.5387346848999126
2015-09-21,0.5543910410331865
2015-09-22,1.099669052766128
2015-09-23,-2.1417050646966196
2015-09-24,-0.5602224140493384
2015-09-25,2.5651370345967983
2015-09-28,-2.0747670864472045
2015-09-29,-2.7631983324842846
2015-09-30,4.357681151654091
2015-10-01,1.4339569407968433
2015-10-02,3.2024131554973856
2015-10-05,2.272085652322975
2015-10-06,-0.9026372285932283
2015-10-07,0.45232978327738316
2015-10-08,-0.5171208901175728
2015-10-09,-0.06484042538508206
2015-10-12,2.3077891952581364
2015-10-13,0.06336164817968282
2015-10-14,-0.06336164817968282
2015-10-15,2.9964903664811082
2015-10-16,1.1617342486350601
2015-10-19,2.0458082224302565
2015-10-20,-1.3793345451027506
2015-10-21,-3.627822506045808
2015-10-22,0.1251487080237368
2015-10-23,0.8717457056242495
2015-10-26,5.956644954435086
2015-10-27,0.5824161255898019
2015-10-28,4.3188417437233895
2015-10-29,0.9410573165093972
2015-10-30,-0.8854400618401037
2015-11-02,-0.22261716591072123
2015-11-03,-0.27892294262610307
2015-11-04,-0.672657175936342
2015-11-05,0.33690049201351435
2015-11-06,-0.7878570488683234
2015-11-09,0.2820956017867804
2015-11-10,-0.1691529409807213
2015-11-11,-0.6795004519056569
2015-11-12,-0.9706148628966904
2015-11-13,-3.5624236679243637
2015-11-16,-0.9558032050686727
2015-11-17,-0.3005662464139469
2015-11-18,0.36058206207782995
2015-11-19,-2.183236286696344
2015-11-20,-7.973606925942489
2015-11-23,-5.458388351823595
2015-11-24,0.1401613024480941
2015-11-27,-4.952573049148068
2015-11-30,1.170452981385539
2015-12-01,-0.5835222988146871
2015-12-02,1.163659358969804
2015-12-03,-0.9444300226041147
2015-12-04,-2.6628808141285543
2015-12-07,-2.8128097945140595
2015-12-08,-2.182468173112273
2015-12-09,0.47169633259360744
2015-12-10,-1.262835217990954
2015-12-11,-0.797456866369517
2015-12-14,-3.918883808402107
2015-12-15,2.710655532264994
2015-12-16,0.48504267209450447
2015-12-17,1.9169898266263363
2015-12-18,-4.036065026287572
2015-12-21,-0.5782858332052498
2015-12-22,1.2351082233790223
2015-12-23,3.458320380483837
2015-12-24,-0.15821807112863517
2015-12-28,-1.5962211765827128
2015-12-29,0.1607799140364019
2015-12-30,-0.5638278619677806
2015-12-31,-0.648305982274433
2016-01-04,-1.9705053291999342
2016-01-05,-0.41546726823877833
2016-01-06,-10.526791628621845
2016-01-07,-6.29978965662894
2016-01-08,-1.7893133325196153
2016-01-11,1.7893133325196153
2016-01-12,-3.2034932824099194
2016-01-13,-1.9517776631006178
2016-01-14,-3.1614860890140317
2016-01-15,-3.8193378040852988
2016-01-19,-4.4350722740285065
2016-01-20,0.579721658822252
2016-01-21,5.291063036477683
2016-01-22,3.871441514820795
2016-01-26,0.735685628512428
2016-01-28,1.4553190380769188
2016-01-29,14.303216245703654
2016-02-01,-8.004278331620673
2016-02-02,-4.661221069365551
2016-02-03,0.5063216389275649
2016-02-04,4.057948300081771
2016-02-05,4.272128770581407
2016-02-08,-6.429063094555776
2016-02-09,0.4943191570263572
2016-02-10,1.2739008886110348
2016-02-11,-1.3725738845555835
2016-02-12,4.440881013520004
2016-02-16,-0.18903491540895878
2016-02-17,-3.5632152801901906
2016-02-18,2.803492553053877
2016-02-19,0.19046442508448003
2016-02-22,6.000879763615252
2016-02-23,-3.8360856583324665
2016-02-24,9.919624446995057
2016-02-25,0.33669876928517084
2016-02-26,8.223809324988629
2016-02-29,7.526832965973362
2016-03-01,0.07176539490161282
2016-03-02,-5.151998128753599
2016-03-03,-2.9120755806152587
2016-03-04,1.9253600970033258
2016-03-07,3.227299899228786
2016-03-08,-1.93891823824055
2016-03-09,2.160233467898731
2016-03-10,-3.2200491776509743
2016-03-11,-0.3812368758673301
2016-03-14,-0.9209616328628378
2016-03-15,-0.15432015226166662
2016-03-16,1.0752817851245045
2016-03-17,4.846256305399743
2016-03-18,-1.7621503600675492
2016-03-21,2.270327883179757
2016-03-22,4.806583770952466
2016-03-23,-0.553639324945765
2016-03-24,-1.186747682699263
2016-03-28,0.4903699481495938
2016-03-29,-0.2098585339776804
2016-03-30,0.06999126914384313
2016-03-31,4.582007064074212
2016-04-01,-3.6070665627046417
2016-04-04,-0.6256541864673171
2016-04-05,-1.9718917806010872
2016-04-06,0.3549899545845392
2016-04-07,0.9873164627719699
2016-04-08,2.5633442986419563
2016-04-11,2.232091149765658
2016-04-12,-0.8059098219199701
2016-04-13,0.8059098219199701
2016-04-14,1.6584221054284143
2016-04-15,-0.3294988686679101
2016-04-18,-2.000062911690925
2016-04-19,2.1319883113542826
2016-04-20,-3.2152850079721684
2016-04-21,1.754436371548307
2016-04-22,-1.1436357831692057
2016-04-25,0.6070848697292686
2016-04-26,0.06723030254400797
2016-04-27,-0.2691852329144595
2016-04-28,-1.2885944805603788
2016-04-29,1.2211905024507974
2016-05-02,-1.2211905024507974
2016-05-04,-1.0981517513652506
2016-05-05,0.756276849080928
2016-05-06,0.2735964414775971
2016-05-09,-1.3063137095542743
2016-05-10,2.190379013244659
2016-05-11,1.7450008834638098
2016-05-12,1.8457977336580722
2016-05-13,-3.9299141599514975
2016-05-16,-1.1616016494400583
2016-05-17,-2.0132582979004443
2016-05-18,-1.6260469020676016
2016-05-20,1.3451414906600068
2016-05-23,2.5687067890944437
2016-05-24,1.4966181363550213
2016-05-25,-1.0179913020808673
2016-05-26,0.4084317353794997
2016-05-27,1.282505863192407
2016-05-31,0.6018076560605934
2016-06-01,0.9950387418242279
2016-06-02,2.283947420320409
2016-06-03,2.48499965450546
2016-06-06,1.1264136010956882
2016-06-07,2.0936747202196404
2016-06-08,-0.060953247970596536
2016-06-09,0.12186936558777894
2016-06-10,-3.281004438932511
2016-06-13,-1.4580315135198862
2016-06-14,-0.19175714204466843
2016-06-15,2.214577929130712
2016-06-16,2.3501399203844198
2016-06-17,-1.0445539687681915
2016-06-20,1.3497130961329429
2016-06-21,0.42566298030188854
2016-06-22,-1.5902455377398983
2016-06-23,1.2863914333966608
2016-06-24,-0.7943882845073968
2016-06-27,-4.005540426286469
2016-06-28,6.190087979074832
2016-06-29,0.7772959274003011
2016-06-30,0.11903354234656938
2016-07-01,2.815445950626261
2016-07-05,-0.8130080032957565
2016-07-06,-0.409012698720268
2016-07-07,-2.9711075444733837
2016-07-08,0.6013349399219603
2016-07-11,-0.180020425575389
2016-07-12,-0.30074023455535226
2016-07-13,0.24065907881865023
2016-07-14,1.904828958350091
2016-07-15,6.006941848391101
2016-07-18,4.929234652625736
2016-07-19,-0.10576357560738714
2016-07-20,-1.546261440511909
2016-07-21,1.0689451833094665
2016-07-22,-2.312542593219513
2016-07-25,-2.6462503060507014
2016-07-26,-0.5602287399215644
2016-07-27,0.5602287399215644
2016-07-28,-0.7852058067803203
2016-07-29,3.9740418524786936
2016-08-01,-2.7429131918308425
2016-08-02,-2.705906117583945
2016-08-03,-0.7456356095640437
2016-08-04,2.107756689405438
2016-08-05,0.3376334439534556
2016-08-08,4.396312614572695
2016-08-09,0.42917678330174347
2016-08-10,-3.6526225784985655
2016-08-11,0.2772342243224202
2016-08-12,-1.0576128850685151
2016-08-15,-0.8429304906933055
2016-08-16,1.6233091514394005
2016-08-17,-1.792761452695446
2016-08-18,-0.05653521418604868
2016-08-23,0.451452780646866
2016-08-24,1.8410741573206657
2016-08-25,0.7709183630663308
2016-08-26,0.32858553490662246
2016-08-29,1.8418801962041265
2016-08-30,1.1739723051428452
2016-08-31,0.7399450500476412
2016-09-01,0.5775926185643154
2016-09-02,-1.0526532619995699
2016-09-06,1.8349361038487721
2016-09-07,-1.3598754604135177
2016-09-08,2.598902135446579
2016-09-09,-5.755073608866423
2016-09-12,-0.8185630925346743
2016-09-15,0.16424459790731483
2016-09-16,-0.16424459790731483
2016-09-19,-0.2194235927515109
2016-09-20,0.2194235927515109
2016-09-21,2.2752872528041035
2016-09-22,1.8047158344294711
2016-09-23,-1.4304829870438684
2016-09-26,0.3196695122073212
2016-09-27,2.4692444360340016
2016-09-28,-1.2007415876656324
2016-09-29,-0.210291978449062
2016-09-30,-0.052665916361815945
2016-10-03,-0.3164601760103025
2016-10-04,-0.7423051177559259
2016-10-05,-1.5553963852061425
2016-10-06,0.5390757537155899
2016-10-07,0.5896496643770899
2016-10-10,0.05344784026948268
2016-10-11,1.6949463154210864
2016-10-12,-0.6322549626387453
2016-10-13,1.3648490295255833
2016-10-14,2.4209396311747344
2016-10-17,0.2541369084862133
2016-10-18,-0.5089213185448305
2016-10-19,-1.128795526172599
2016-10-20,0.3605588642221047
2016-10-21,1.226363915667461
2016-10-24,2.259718037209746
2016-10-25,-2.7688755590591363
2016-10-26,-2.952809730709971
2016-10-27,-0.632927827406693
2016-10-28,-0.052914810867710216
2016-10-31,-0.7972390114618477
2016-11-01,-3.3092094865549093
2016-11-02,-1.053539004513393
2016-11-03,0.3894312363795116
2016-11-04,0.2218638251739513
2016-11-07,0.9374247133714597
2016-11-08,0.8743236880509819
2016-11-09,0.6507578148848392
2016-11-10,-2.739900466325018
2016-11-11,-1.5677787265956145
2016-11-14,-3.7957580585098682
2016-11-15,2.603575303283323
2016-11-16,-0.745195187487413
2016-11-17,2.724342843934968
2016-11-18,-0.9564172024770556
2016-11-21,0.5074661973047956
2016-11-22,-0.05624896330846951
2016-11-23,2.774875968993973
2016-11-25,4.180673672279722
2016-11-28,0.10492529827730301
2016-11-29,-3.142732754607813
2016-11-30,-1.2524008117449803
2016-12-01,-2.4966639738749574
2016-12-02,-0.5068945339557374
2016-12-05,2.784134915079184
2016-12-06,4.824089853515412
2016-12-07,-1.1579071491123472
2016-12-08,-3.5564076319982707
2016-12-09,2.0092971610444543
2016-12-12,0.05376384130961753
2016-12-13,2.7035654755421135
2016-12-14,1.1957591642485
2016-12-15,-1.2480708610340674
2016-12-16,-6.15080174635354
2016-12-19,-1.5139134811549049
2016-12-21,-2.7493051570647076
2016-12-22,-0.058078722567111996
2016-12-23,0.8678016996927607
2016-12-27,2.9514085360866638
2016-12-28,-0.7297307543608245
2016-12-29,1.3986257856148931
2016-12-30,2.415038685396942
2017-01-03,2.991689376262263
2017-01-05,0.6818618211895888
2017-01-06,2.936100763807259
2017-01-09,-0.2032738911990517
2017-01-10,0.8609866395778543
2017-01-11,0.10081158778612043
2017-01-12,-0.40383475389718093
2017-01-13,1.3564704777967673
2017-01-17,-3.1941957826199463
2017-01-18,0.7698368998948713
2017-01-19,-0.10230699158557677
2017-01-20,1.7250402162463985
2017-01-23,3.9936486099663604
2017-01-24,3.280541638850254
2017-01-25,0.2335969647396574
2017-01-26,-2.4564477624817727
2017-01-27,-0.9610675762126153
2017-01-30,4.4388792419923995
2017-01-31,-0.8814693025046783
2017-02-01,-0.8893295387570443
2017-02-02,2.9189079939965
2017-02-03,4.77024375303996
2017-02-06,-0.8306135138799409
2017-02-07,0.9611253433710498
2017-02-08,-0.523092154058391
2017-02-09,2.5459819749566126
2017-02-10,-2.764758728460981
2017-02-13,1.8229617831513334
2017-02-14,-0.6039625021252881
2017-02-15,0.5609354603486327
2017-02-16,-0.04303585504383811
2017-02-17,-2.9709413243809824
2017-02-21,4.466389426269757
2017-02-22,-0.5955040727628091
2017-02-23,-2.461789155259586
2017-02-24,-0.8342606174431388
2017-02-27,1.2270024685752556
2017-02-28,1.6415207410131583
2017-03-01,0.21398211352861018
2017-03-02,-1.9862422168315241
2017-03-03,1.8150931723617703
2017-03-06,-3.797106739904299
2017-03-07,-0.4011446334126312
2017-03-08,3.596873525729327
2017-03-09,-5.081724618959127
2017-03-10,2.639381743232061
2017-03-13,-0.35382414247000504
2017-03-14,-1.427960345829371
2017-03-15,-0.9029356386383025
2017-03-16,5.8995898947221015
2017-03-17,1.1054521336962164
2017-03-20,2.7113343321292227
2017-03-21,-0.24721287302909012
2017-03-22,-1.8738895428862534
2017-03-23,-1.0139446613494751
2017-03-24,0.9718944797410867
2017-03-27,1.1705942182239415
2017-03-28,-0.8766514198421671
2017-03-29,2.3208629844670092
2017-03-30,1.866940561764041
2017-03-31,-1.4581069376381706
2017-04-03,2.179255351803766
2017-04-04,3.2982960077815537
2017-04-05,0.9992470895378691
2017-04-06,-0.2680459966728499
2017-04-07,-0.9632141031560959
2017-04-10,-0.8944315339396436
2017-04-11,-0.823697648221966
2017-04-12,0.5107189239154764
2017-04-13,-0.07840460952897033
2017-04-17,1.208351595958712
2017-04-18,-1.7194543513848082
2017-04-19,-0.19729210109984407
2017-04-20,-1.5121527674304858
2017-04-21,-1.2507771440449122
2017-04-24,2.960222012575242
2017-04-25,0.5111027554260961
2017-04-27,-0.5899711137894226
2017-04-28,-0.5141437561032358
2017-05-01,-0.6763532598227151
2017-05-02,1.3875380873761056
2017-05-03,0.3537090968257939
2017-05-04,-2.542859283970289
2017-05-05,0.4016183139000429
2017-05-08,-0.12030536326865793
2017-05-09,-1.944963219038165
2017-05-10,2.145391825314036
2017-05-11,1.3129374688462647
2017-05-12,0.3944711613909746
2017-05-15,-0.5526981461960734
2017-05-16,0.4739229703618175
2017-05-17,-0.5135255644340475
2017-05-18,-2.3643729660343116
2017-05-19,2.1661601948828935
2017-05-22,-0.7968214752379854
2017-05-23,-2.3882920766480353
2017-05-25,0.12282660775446708
2017-05-26,0.2043702147668469
2017-05-30,-0.36817873491723496
2017-05-31,0.4090008640607934
2017-06-01,1.297668128796392
2017-06-02,-0.08059856983231306
2017-06-05,0.12087804854599149
2017-06-06,-1.5422343257731175
2017-06-07,-1.2345906288000918
2017-06-08,-1.1243052626168204
2017-06-09,-1.3915366045747835
2017-06-12,-0.21254592135706574
2017-06-13,0.3822522550023244
2017-06-14,-0.9797703825414228
2017-06-15,1.06451089465458
2017-06-16,1.6383505517742591
2017-06-19,2.0619218167220676
2017-06-20,-0.4499903322643384
2017-06-21,-4.357617315020779
2017-06-22,4.193481960229617
2017-06-23,-3.128507961304683
2017-06-26,2.675748638341169
2017-06-27,-2.379576774345571
2017-06-28,0.547710262859491
2017-06-29,0.4192807689639366
2017-06-30,0.9163002819974952
2017-07-03,2.416662827662197
2017-07-05,-1.344498215883494
2017-07-06,-3.0400006103541877
2017-07-07,1.3022798835461202
2017-07-10,0.16680476885095885
2017-07-11,0.20812248098542874
2017-07-12,2.828618874808164
2017-07-13,-4.294626713062399
2017-07-14,0.21075418361289344
2017-07-17,-2.8182892803275905
2017-07-18,-1.4395105725910184
2017-07-19,-1.1933701467178093
2017-07-20,3.409406905486456
2017-07-21,-0.6899417031324795
2017-07-24,-0.6947546415014827
2017-07-25,-0.4804648046781157
2017-07-26,-2.9773321210391224
2017-07-27,0.6295000409528573
2017-07-28,0.17914035219304125
2017-07-31,-0.4035129556915429
2017-08-01,-1.1748878489884262
2017-08-02,0.09087241157033077
2017-08-03,1.9784909486303182
2017-08-04,1.677729172372544
2017-08-07,-2.5272837944896764
2017-08-08,0.13462149521399347
2017-08-09,-0.3593874047143064
2017-08-10,-0.40585817642369015
2017-08-11,1.1680260936516529
2017-08-14,11.02613214558521
2017-08-15,-2.839945261973087
2017-08-16,1.0642831227160698
2017-08-17,0.811020747126312
2017-08-18,1.0845620219756658
2017-08-21,0.8751136165444429
2017-08-22,0.9852307826075712
2017-08-23,-1.8203847798148765
2017-08-24,-0.5606846712667757
2017-08-25,0.2406771816689357
2017-08-28,-0.2406771816689357
2017-08-29,-0.1607799140364019
2017-08-30,-2.2783609258520077
2017-08-31,-0.4123647388410756
2017-09-01,3.452106900095764
2017-09-05,-0.5202991491370046
2017-09-06,-0.32155092799102114
2017-09-07,0.5620261224829282
2017-09-08,-1.2487617520647198
2017-09-11,1.3287888074282161
2017-09-12,-2.1836709434593704
2017-09-13,-0.2456030455845859
2017-09-14,0.6128802883486273
2017-09-15,1.4557393720412204
2017-09-18,-0.5232310223464598
2017-09-19,0.3625338361165742
2017-09-20,-1.744113954009574
2017-09-21,0.44907176819823924
2017-09-22,0.7709401147836914
2017-09-25,-0.9748195390715253
2017-09-26,-1.314729193076003
2017-09-27,-0.9557491578216393
2017-09-28,1.2035933408786281
2017-09-29,1.270764434306848
2017-10-02,2.5735272226125705
2017-10-03,-1.1579379440019189
2017-10-04,-0.2010107784021109
2017-10-05,1.001010606883268
2017-10-06,2.089573395602473
2017-10-09,-2.8494231306530615
2017-10-10,0.6003699490901404
2017-10-11,-1.2851692063476694
2017-10-12,-0.48622193282175097
2017-10-13,-1.5142395569635259
2017-10-16,2.2427115096778305
2017-10-17,1.6000250412570693
2017-10-18,-0.15885537218625068
2017-10-19,-1.6430008729304557
2017-10-20,0.6042303477940436
2017-10-23,8.059867268579834
2017-10-24,7.010370815329647
2017-10-25,-1.742198553621499
2017-10-26,-0.31684212311997584
2017-10-27,-1.2061212973139668
2017-10-30,0.10701051768142733
2017-10-31,3.74364821103379
2017-11-01,-0.5509547560948569
2017-11-02,2.5568151207977508
2017-11-03,0.9713694085282665
2017-11-06,-0.434270602211706
2017-11-07,0.16724925408375668
2017-11-08,-2.950867517916844
2017-11-09,3.2178888660447935
2017-11-10,-7.580169517065016
2017-11-13,-2.2178713189553445
2017-11-14,-2.1178600998718267
2017-11-15,4.119737646379695
2017-11-16,3.8874136705439266
2017-11-17,0.690860752923772
2017-11-20,-0.3448376618461424
2017-11-21,-0.10367424864590191
2017-11-22,5.646652451447887
2017-11-24,-2.314143687047876
2017-11-27,-0.974634037186739
2017-11-28,-1.2916528544122396
2017-11-29,-0.5144994244626666
2017-11-30,3.74601285313223
2017-12-01,-2.6516014213795014
2017-12-04,-1.9578265581106535
2017-12-05,-2.3869102544924026
2017-12-06,3.0093271052545667
2017-12-07,2.2832787478470173
2017-12-08,6.804899726457458
2017-12-11,-6.300782641073255
2017-12-12,1.232723841302974
2017-12-13,-0.6644430707399618
2017-12-14,-4.395192876774301
2017-12-15,1.4523112270648841
2017-12-18,-0.4472774060658047
2017-12-19,1.199674556510244
2017-12-20,-0.3413069003444402
2017-12-21,1.0204228488073674
2017-12-22,-1.7409552791757044
2017-12-26,1.3680181139059666
2017-12-27,-0.16999380675910558
2017-12-28,0.7457734735073274
2017-12-29,-0.03379122145981128
2018-01-02,7.169204537331719
2018-01-03,-0.3149626799927585
2018-01-04,1.4717666404818974
2018-01-05,-0.46736251003158813
2018-01-08,-0.7523504175563467
2018-01-09,-1.7778289298322925
2018-01-10,0.25592402002403425
2018-01-11,-3.1810614287303807
2018-01-12,-4.1756902891093794
2018-01-16,1.5356091648027537
2018-01-17,-3.3049448131787784
2018-01-18,3.169398284257552
2018-01-19,-2.7154121617662064
2018-01-22,2.7154121617662064
2018-01-23,1.4141683717014075
2018-01-24,-5.9935380605102395
2018-01-25,1.7593718614208331
2018-01-26,3.966332749141932
2018-01-29,-1.5881477745097516
2018-01-30,-4.350771329864367
2018-01-31,2.1468298449407897
2018-02-01,-1.6500293619835293
2018-02-02,-3.6774149382326815
2018-02-05,-3.627246824525132
2018-02-06,-0.9181344699061622
2018-02-07,0.8038340520746257
2018-02-08,-4.722826540441272
2018-02-09,1.270859871429142
2018-02-12,5.862624574714825
2018-02-13,1.440994477400137
2018-02-14,-2.4509031589611485
2018-02-15,1.677567416580672
2018-02-16,0.7733357423804765
2018-02-20,-0.8472956594452796
2018-02-21,0.9939389669524346
2018-02-22,-1.104998212491326
2018-02-23,1.2148211775671935
2018-02-26,0.8017613801972967
2018-02-27,-0.03631016551359778
2018-02-28,1.0115636739459255
2018-03-01,-2.2170654256247424
2018-03-02,-2.984165890630175
2018-03-05,-1.1424494036831323
2018-03-06,1.2937832151101336
2018-03-07,0.15111365146984745
2018-03-08,-1.4832013320842385
2018-03-09,-0.19175137897362582
2018-03-12,-0.11523103197417228
2018-03-13,-0.30792769555625377
2018-03-14,-0.8128572563589564
2018-03-15,0.8514066304351253
2018-03-16,1.263649134653999
2018-03-19,-3.209237947449939
2018-03-20,-3.8042705557790324
2018-03-21,-3.3619980367308067
2018-03-22,-2.9558901243929014
2018-03-23,1.1670720765957654
2018-03-26,0.12884970987645517
2018-03-27,0.42824930334499633
2018-03-28,-1.0309215360000845
2018-03-29,2.093632138187429
2018-04-02,0.5061233508030671
2018-04-03,2.3285932511637686
2018-04-04,2.3157585700507965
2018-04-05,1.5936682473514097
2018-04-06,0.1974300899408199
2018-04-09,-0.11842374273651757
2018-04-10,0.5514098353063268
2018-04-11,-0.7490740992061706
2018-04-12,1.6484018357459274
2018-04-13,-2.3632494582767283
2018-04-16,-1.0819632822271608
2018-04-17,-0.24203639594393422
2018-04-18,1.0845620219756658
2018-04-19,-1.367677176189508
2018-04-20,-2.8344383953606833
2018-04-23,1.8576350984590206
2018-04-25,1.7032083283622157
2018-04-26,-4.18780354623105
2018-04-27,-1.0113904323644451
2018-04-30,-2.835240060665578
2018-05-01,-1.5810616205389483
2018-05-02,-3.7893667129682562
2018-05-03,-2.5612459210508476
2018-05-04,0.5644385886654835
2018-05-07,0.7942040773315728
2018-05-08,-0.37295873687201997
2018-05-09,-3.61427971198105
2018-05-10,3.193034371521497
2018-05-11,-3.0478485209305184
2018-05-14,0.2897082388878758
2018-05-15,1.2934266926177163
2018-05-16,0.9474413992074826
2018-05-17,-1.4245442768974215
2018-05-18,-2.322308513135063
2018-05-21,-0.6383459487288246
2018-05-22,-0.9403769435038178
2018-05-23,2.3102537464932293
2018-05-24,-2.260531469883764
2018-05-25,0.3968348622061413
2018-05-29,-3.578125952434741
2018-05-30,-0.20543161458324022
2018-05-31,-2.340804604501523
2018-06-01,0.9950303824153295
2018-06-04,-0.41776460396776294
2018-06-05,3.9502312085495372
2018-06-06,-1.1636713104864693
2018-06-07,-2.7342482012775005
2018-06-08,-0.629577475233134
2018-06-11,-2.666827595334187
2018-06-12,1.6086167254148798
2018-06-13,-0.5333375803824314
2018-06-14,-7.897388198869848
2018-06-15,4.801846780490049
2018-06-18,-7.559429637621795
2018-06-19,6.114943208741819
2018-06-20,2.759566358793375
2018-06-21,5.352255679047557
2018-06-22,-1.3506682650462842
2018-06-25,0.4696131231721079
2018-06-26,-3.0121207830356767
2018-06-27,-5.514076279393532
2018-06-28,-1.1402568322647522
2018-06-29,-0.8638102593883534
2018-07-02,-3.0536683416216626
2018-07-03,7.576774531569352
2018-07-05,-1.1676557271838917
2018-07-06,2.321828307194851
2018-07-09,1.140997196662008
2018-07-10,-0.4331514253950619
2018-07-11,0.5411421949690354
2018-07-12,-0.9216572842580817
2018-07-13,-0.4914017827800432
2018-07-16,-1.6000469758816305
2018-07-17,-1.7957733867735026
2018-07-18,-1.7709555895280449
2018-07-19,-0.9264895843884347
2018-07-20,1.2142417135195593
2018-07-23,0.5730707295864779
2018-07-24,-0.8608228587176026
2018-07-25,0.7464659792051354
2018-07-26,4.8572279220682635
2018-07-27,-0.7109611608396627
2018-07-30,-1.0482950965249316
2018-07-31,3.4345120298435727
2018-08-01,0.05357893543913583
2018-08-02,-1.3481003941952618
2018-08-03,-0.16297686214432616
2018-08-06,-0.7094400515580634
2018-08-07,-1.3230424642039385
2018-08-08,-3.1569777459389936
2018-08-09,-1.3841038585727716
2018-08-10,-3.3661326816943227
2018-08-13,-4.169822811978552
2018-08-14,0.8728256174483029
2018-08-15,0.4953542659273946
2018-08-16,-0.5574429340098774
2018-08-17,-1.5019183226326671
2018-08-20,-0.37902551150108543
2018-08-21,0.5680115429612442
2018-08-22,-1.2029307652635879
2018-08-23,1.1399679966095366
2018-08-24,-1.1399679966095366
2018-08-27,-0.5748981645686602
2018-08-28,-1.3544258598285452
2018-08-29,-3.97404078057213
2018-08-30,-6.417818704858158
2018-08-31,16.62225204513699
2018-09-04,-12.944315521520933
2018-09-06,3.480384278764337
2018-09-07,-3.0645856032756935
2018-09-10,3.532979227946864
2018-09-11,0.599003824551847
2018-09-12,0.8589478173297138
2018-09-13,1.954448551652499
2018-09-14,3.2997947049985488
2018-09-17,-0.18745100066266396
2018-09-18,0.18745100066266396
2018-09-19,5.229159464603361
2018-09-20,0.11841927624218762
2018-09-21,1.4101210895482108
2018-09-24,0.05832900174547184
2018-09-25,-0.5261832877918593
2018-09-26,2.2603145522226864
2018-09-27,-3.2617868169834807
2018-09-28,0.35460167501790707
2018-10-01,-2.8120187034803568
2018-10-02,-0.4866162282724851
2018-10-03,1.7528338661381593
2018-10-04,-6.370000453002778
2018-10-05,0.19138295105807224
2018-10-08,4.059247364727359
2018-10-09,0.48840563666696646
2018-10-10,-5.895111661979735
2018-10-11,-7.301534786973551
2018-10-12,0.06946425854574834
2018-10-15,1.4478053911044064
2018-10-16,0.7500730244675236
2018-10-17,-2.824840110914728
2018-10-18,-2.190126001326842
2018-10-19,-1.0772239455933974
2018-10-22,-0.36165797048677284
2018-10-23,-1.3863739358241478
2018-10-24,-1.4058647954915404
2018-10-25,0.3718879837543376
2018-10-26,-3.551564551730646
2018-10-29,1.2992128327591779
2018-10-30,-0.4566192313978146
2018-10-31,1.9638068120898744
2018-11-01,1.8525848057908245
2018-11-02,1.6745880505367072
2018-11-05,1.0772239455933974
2018-11-06,2.886503735876511
2018-11-07,-2.886503735876511
2018-11-08,-1.8018526004133673
2018-11-09,-4.309731782199622
2018-11-12,0.7564290328681889
2018-11-13,-2.0556418656273667
2018-11-14,1.2232585572109045
2018-11-15,1.4334420696881178
2018-11-16,-0.14991576387091143
2018-11-19,-1.1316754014579544
2018-11-20,-3.8674627564385666
2018-11-21,2.4153967107990226
2018-11-23,2.358428599709139
2018-11-26,-0.15049675329015244
2018-11-27,-0.45281988973475684
2018-11-28,1.3523795769180502
2018-11-29,1.1131819564783818
2018-11-30,1.3924620761184947
2018-12-03,5.7279826960439095
2018-12-04,-8.757376815145568
2018-12-06,1.3412858244530756
2018-12-07,-1.0416702740299488
2018-12-10,-2.422520622619695
2018-12-11,-0.6920534049432714
2018-12-12,-1.6336371825397489
2018-12-13,2.249020323844464
2018-12-14,-2.170615714315449
2018-12-17,-1.3412398275199688
2018-12-18,-0.4777141905699889
2018-12-19,-0.39984286085177345
2018-12-20,2.1403922694127164
2018-12-21,-0.39293004233926787
2018-12-26,-1.9881394087423843
2018-12-27,0.800008813183295
2018-12-28,1.1881305955590893
2018-12-31,2.7952148875122873
2019-01-02,0.5345491608081065
2019-01-03,-3.2510508789269643
2019-01-04,2.5632371967903023
2019-01-07,1.6730421477180624
2019-01-08,-1.8265246090593212
2019-01-09,5.6731645648187
2019-01-10,-3.470273031382032
2019-01-11,1.046349971721483
2019-01-14,4.007828644362288
2019-01-15,4.127907542587916
2019-01-16,-4.844752434405919
2019-01-17,0.8595992866711644
2019-01-18,-2.674533128117229
2019-01-22,2.0305233367171827
2019-01-23,-4.6280698031855305
2019-01-24,3.545419615030676
2019-01-25,0.43446601267729257
2019-01-28,-0.07227596823380367
2019-01-29,4.73084363317815
2019-01-30,2.3851273687079733
2019-01-31,3.8961718788927513
2019-02-01,-2.8244923570230007
2019-02-04,-0.6684630080636467
2019-02-05,1.7946655745311624
2019-02-06,-0.5946428598969433
2019-02-07,-5.097949638672938
2019-02-08,6.936482510685016
2019-02-11,-5.208120019492357
2019-02-12,1.6315777720504077
2019-02-13,-0.9485265496283368
2019-02-14,-4.099215986634475
2019-02-15,-1.069526933916709
2019-02-19,-1.9544608835619481
2019-02-20,-0.43956695702696
2019-02-21,0.43956695702696
2019-02-22,0.7283394544014055
2019-02-25,-4.603633073459523
2019-02-26,-0.15209900461354842
2019-02-27,-2.3874743599793025
2019-02-28,6.633928007425149
2019-03-01,2.021718234686043
2019-03-04,-2.094679782219444
2019-03-05,2.0231790228036672
2019-03-06,-6.34899322648903
2019-03-07,-6.210251994117799
2019-03-08,0.566126060238803
2019-03-11,0.0806167492793719
2019-03-12,4.567715151705798
2019-03-13,-4.245923663663742
2019-03-14,0.720291727750233
2019-03-15,2.1302595234051314
2019-03-18,4.129029623476788
2019-03-19,-0.37522861125927065
2019-03-20,-3.831890669236282
2019-03-21,-1.099778092944792
2019-03-22,-5.939116806375155
2019-03-25,-1.1804550420499549
2019-03-26,0.6762456364710179
2019-03-27,-6.526900129589253
2019-03-28,-0.08995280037691344
2019-03-29,-1.908286106567969
2019-04-01,-2.790873639321978
2019-04-02,1.591045340654107
2019-04-03,-2.1586986298069544
2019-04-04,1.506622055070972
2019-04-05,-3.2291539017687665
2019-04-08,4.159398437065898
2019-04-09,-4.062904121111011
2019-04-10,3.1326595858138795
2019-04-12,-1.9821153503507993
2019-04-15,0.09526681954934446
2019-04-16,-1.9231362970494992
2019-04-17,-1.8618924574040019
2019-04-18,1.9589267268219857
2019-04-22,-1.2689271758324683
2019-04-23,-4.623936256590966
2019-04-24,0.8196721748692681
2019-04-25,2.519027973998522
2019-04-26,-4.580945188352636
2019-04-29,-4.8009188378162815
2019-04-30,2.5891269045619225
2019-05-01,-2.3707812946264895
2019-05-02,-1.7602238258308311
2019-05-03,-1.228391454577471
2019-05-06,3.4238508324837547
2019-05-07,-2.3065269666196375
2019-05-08,0.22197445152212225
2019-05-09,3.057014297186411
2019-05-10,-3.057014297186411
2019-05-13,-5.937796674025475
2019-05-14,2.555286585576977
2019-05-15,3.8249987037523248
2019-05-16,2.2914132649264563
2019-05-17,-1.302930527143653
2019-05-20,-4.013925612448421
2019-05-21,4.99272072759549
2019-05-22,1.3971192884446815
2019-05-23,-0.10678600164117924
2019-05-24,3.568063327151938
2019-05-28,-3.1416078133034375
2019-05-29,1.0581990006556907
2019-05-30,0.420189985347319
2019-05-31,-2.5479299577022996
2019-06-03,-3.501450744880108
2019-06-04,2.6375009805163163
2019-06-05,-5.117897556044326
2019-06-06,-1.8433859744039438
2019-06-10,1.2709713073949525
2019-06-11,3.275273238708576
2019-06-12,9.429969928568749
2019-06-13,-1.4256779588548874
2019-06-14,-1.759000339672001
2019-06-17,-0.8385629089783464
2019-06-18,1.6701873946237011
2019-06-19,-2.4097474710250033
2019-06-20,1.1597500617486212
2019-06-21,-0.420189985347319
2019-06-24,-1.0581990006556907
2019-06-25,-1.2848190304862062
2019-06-26,1.0718216090486177
2019-06-27,0.531636345691977
2019-06-28,3.6443241785523828
2019-07-01,1.1184771053541542
2019-07-02,-2.146218015541912
2019-07-03,2.9518573209883936
2019-07-05,1.4933164038007263
2019-07-08,1.47133319818038
2019-07-09,1.3539782643018583
2019-07-10,0.47916032444823564
2019-07-11,0.47687532275353384
2019-07-12,0.09509634743731787
2019-07-15,-2.210569725413025
2019-07-16,-0.09722295924743385
2019-07-17,0.6786385267765205
2019-07-18,-1.0685003831759854
2019-07-19,1.0685003831759854
2019-07-22,-3.440150842602785
2019-07-23,0.6975630532553012
2019-07-24,-0.6975630532553012
2019-07-25,-0.4007998755369613
2019-07-26,1.3958385429330367
2019-07-29,2.734540893274229
2019-07-30,0.19249175465785306
2019-07-31,-0.9661965648633863
2019-08-01,0.3876061296677502
2019-08-02,-0.5819685643062567
2019-08-05,-1.2726538437419777
2019-08-06,-3.81572520545701
2019-08-07,-2.4871844061063797
2019-08-08,-1.3734832345636327
2019-08-09,7.774871509317505
2019-08-12,-46.68590567176707
2019-08-13,5.050811876779782
2019-08-14,-1.5037962787274761
2019-08-15,9.66867512008449
2019-08-16,0.8219178013443518
2019-08-19,-7.50528806418731
2019-08-20,-2.833888155432085
2019-08-21,0.7535703132662386
2019-08-22,-0.15026214828679496
2019-08-23,-6.684701429623163
2019-08-26,-4.269918447015564
2019-08-27,-15.779299340080911
2019-08-28,4.231420452599455
2019-08-29,-0.18850040782565358
2019-08-30,-5.826890812397578
2019-09-03,4.688365045495768
2019-09-04,7.3562462635800685
2019-09-05,10.109621106705502
2019-09-06,-0.9662038104844228
2019-09-09,1.1263220158037823
2019-09-10,0.6379571397759909
2019-09-11,-3.067221886360172
2019-09-12,-3.6731990092198963
2019-09-13,-5.595883506632182
2019-09-16,1.7825986038163766
2019-09-17,7.15807824648913
2019-09-18,-4.198774317289278
2019-09-19,1.1935284003131263
2019-09-20,-5.040154586916645
2019-09-23,-3.445491483737717
2019-09-24,-3.759841435409794
2019-09-25,1.3320876234467427
2019-09-26,-0.5687401273324122
2019-09-27,2.8118227182592603
2019-09-30,-2.8118227182592603
2019-10-01,-2.1134085842001493
2019-10-03,1.9231253496704515
2019-10-04,1.1363801727089617
2019-10-07,-1.7094444342935944
2019-10-08,-3.707754189289858
2019-10-09,-0.5981925966397794
2019-10-10,-0.8032126230328007
2019-10-11,5.491577668528569
2019-10-14,-2.316725597593683
2019-10-15,-3.9845913918675535
2019-10-16,4.1797343118641805
2019-10-18,-0.7828116002749352
2019-10-21,2.5219760183058604
2019-10-22,-1.9343073380275522
2019-10-23,1.9343073380275522
2019-10-24,-0.3838863127179071
2019-10-25,9.180765767428678
2019-10-28,-7.6540055766652015
2019-10-29,1.690171595473644
2019-10-30,-3.989132109209903
2019-10-31,-0.3883478344127056
2019-11-01,-0.781249586208288
2019-11-04,0.1958853452260101
2019-11-06,-0.1958853452260101
2019-11-07,0.586519638280758
2019-11-08,2.5025119141452556
2019-11-11,-1.1472338088322376
2019-11-12,-1.941797743593776
2019-11-13,0.1958853452260101
2019-11-14,-6.466908769104118
2019-11-15,4.290760694260154
2019-11-18,1.3902938529347209
2019-11-19,7.593769332180789
2019-11-20,1.451933268119232
2019-11-21,4.060572768461412
2019-11-22,-6.062458523836023
2019-11-25,0.18365375385944738
2019-11-26,-0.36763503253414154
2019-11-27,2.005535519352697
2019-11-29,0.5400522485420778
2019-12-02,-4.592180214646335
2019-12-03,-0.9442994491891232
2019-12-04,3.3585269284748254
2019-12-05,-1.8518943352726192
2019-12-06,3.8501332422174794
2019-12-09,14.537647824323564
2019-12-10,-4.28977016331662
2019-12-11,-2.4652077273224826
2019-12-12,5.029454495972008
2019-12-13,-0.3169556919822458
2019-12-16,5.856828663130198
2019-12-17,4.679222902652436
2019-12-18,-1.5839055847017391
2019-12-19,-1.9048253193959086
2019-12-20,1.7595828320160045
2019-12-23,1.4430264594225806
2019-12-24,4.756137964039842
2019-12-26,0.408988559642931
2019-12-27,-2.4794598596284523
2019-12-30,-3.983450636096997
2019-12-31,0.43446601267727036
2020-01-02,-5.49506606505028
2020-01-03,-5.169529470326295
2020-01-06,-2.2765083457503055
2020-01-07,4.6594693105322715
2020-01-08,-0.47207636762152116
2020-01-09,0.47207636762152116
2020-01-10,-0.15710834648312577
2020-01-13,1.7147810490249604
2020-01-14,-2.8215144611673626
2020-01-15,-2.41361927903303
2020-01-16,-1.4766478615571232
2020-01-17,2.2876777167616824
2020-01-21,-4.628927392617022
2020-01-22,-0.3389814642930311
2020-01-23,3.17487072883178
2020-01-24,-0.9917380280811017
2020-01-27,-1.5063244829826017
2020-01-28,-0.8467308326096212
2020-01-29,-1.715317643600467
2020-01-30,-4.965561491991877
2020-01-31,-3.327470757270401
2020-02-03,3.1454983632399403
2020-02-04,-2.5831652192268573
2020-02-05,2.5831652192268573
2020-02-06,-3.5221445232762383
2020-02-07,1.8692028606587474
2020-02-10,1.4706169490144472
2020-02-11,-3.717889958095566
2020-02-12,-0.1895831407304538
2020-02-13,-0.7619149728737451
2020-02-14,0.9514981136041989
2020-02-18,-2.8820382960764945
2020-02-19,0.3891033299451063
2020-02-20,0.9661747753679117
2020-02-21,-0.5785904981088885
2020-02-24,1.3448950703929263
2020-02-25,4.478345576575005
2020-02-26,-0.36561875946969913
2020-02-27,-1.2903540278545567
2020-02-28,1.8382975009272995
2020-03-02,-4.470024288159546
2020-03-03,3.1867771738251616
2020-03-04,3.088340174830684
2020-03-05,-0.17903997950545758
2020-03-06,-5.526267752689451
2020-03-09,-17.102221293730224
2020-03-10,7.986999853218157
2020-03-11,-7.5385458204998645
2020-03-12,-3.877362043517363
2020-03-13,2.52597867240667
2020-03-16,-6.317894747845898
2020-03-17,-3.9413817646664517
2020-03-18,-12.851904021501115
2020-03-19,6.096075478303775
2020-03-20,-17.26905216185467
2020-03-23,-7.9776421402817155
2020-03-24,8.614583366337614
2020-03-25,9.67520273883622
2020-03-26,8.026446218148365
2020-03-27,-1.3387080984540445
2020-03-30,-7.265754867088314
2020-03-31,0.865801343614403
2020-04-01,-6.837750332032977
2020-04-02,-5.372546384564436
2020-04-03,10.471132393307814
2020-04-06,0.5830722873113592
2020-04-07,3.7094237340533853
2020-04-08,5.980031642256911
2020-04-09,-1.3280333090388563
2020-04-13,-2.710208425103211
2020-04-14,-3.9220734837516202
2020-04-15,-1.1494234637368095
2020-04-16,-7.188733578186235
2020-04-17,-0.9360390891184123
2020-04-21,-5.808069241903347
2020-04-22,-3.378718874501463
2020-04-24,-2.0833970657469836
2020-04-27,0.6992996202466517
2020-04-28,5.0944710223937655
2020-04-29,6.722547143720026
2020-04-30,1.8405409769591596
2020-05-01,-11.930381117055699
2020-05-04,2.702832999488647
2020-05-05,-3.045913580005566
2020-05-06,2.040876008260506
2020-05-07,-0.3372570966432731
2020-05-08,4.943328208415498
2020-05-11,12.383844135430921
2020-05-12,-0.2844775765318053
2020-05-13,-6.169371867764717
2020-05-14,-2.7651463471328075
2020-05-15,2.157262313871411
2020-05-18,6.7772559010261135
2020-05-19,5.001029520963707
2020-05-20,2.409749337386513
2020-05-21,-7.982213794207205
2020-05-22,4.4825569688630384
2020-05-26,-1.379347659534358
2020-05-27,0.8298756220477266
2020-05-28,-6.252040958771166
2020-05-29,-7.614018233746577
2020-06-01,13.866059192517744
2020-06-02,1.3680181139059444
2020-06-03,-2.197893735953671
2020-06-04,-1.680710239010974
2020-06-05,1.1235931354049322
2020-06-08,10.591917320149879
2020-06-09,0.7509379631373436
2020-06-10,-5.116190494153017
2020-06-11,-7.350257924539139
2020-06-12,-1.1363935659463031
2020-06-15,-3.785009650757032
2020-06-16,-3.625788803714314
2020-06-17,1.5267560181922102
2020-06-18,-4.9699475398966575
2020-06-19,2.20480119276385
2020-06-22,-3.1648483440015918
2020-06-23,0.6410604438626399
2020-06-24,-0.9630929085882145
2020-06-25,8.05386779098809
2020-06-26,-6.771788175024773
2020-06-29,-1.9293548628599888
2020-06-30,-1.6366702286993884
2020-07-02,-0.6622503052096329
2020-07-06,22.778373662780606
2020-07-07,-3.774034806084181
2020-07-08,-1.6620867824003849
2020-07-09,-5.158724280388838
2020-07-10,5.71584138399488
2020-07-13,8.004277995430575
2020-07-14,-4.189099891533021
2020-07-15,1.8543695816306105
2020-07-16,-1.3210379909958547
2020-07-17,1.8445816624067746
2020-07-20,0.5208316048751493
2020-07-21,2.8171007134667914
2020-07-22,4.203328380479543
2020-07-23,-3.4486191638202657
2020-07-24,3.2062098453752297
2020-07-27,1.684740727638867
2020-07-28,-0.9592277942495064
2020-07-29,-2.439159065437435
2020-07-30,-7.696104670442527
2020-07-31,1.3245376104921158
2020-08-03,6.618167994740354
2020-08-04,-9.285000121245957
2020-08-05,-0.8141111497323106
2020-08-06,1.6216555732895932
2020-08-07,-3.547441842368726
2020-08-11,-1.680710239010974
2020-08-12,0.8438900096904733
2020-08-13,-3.129707039373586
2020-08-14,0.8633179593654061
2020-08-17,3.65723201918311
2020-08-18,-3.3711265148117064
2020-08-19,-0.28610550437140336
2020-08-20,0.28610550437140336
2020-08-21,-2.020251336058987
2020-08-24,4.280238037410222
2020-08-25,2.755010839559713
2020-08-26,-3.878603974964645
2020-08-27,-1.9972262846050803
2020-08-28,4.507812145663781
2020-08-31,-8.926785271739934
2020-09-01,5.565135276220512
2020-09-02,-0.28532943148558143
2020-09-03,-4.380246157551659
2020-09-04,0.29804435640063964
2020-09-08,-1.8018406351281158
2020-09-09,-3.390153694762321
2020-09-10,-1.26183932645354
2020-09-11,-2.8987463175212835
2020-09-14,-0.32735838922132166
2020-09-15,-0.3283871806260996
2020-09-16,-1.3245433225769987
2020-09-17,-1.00503757174506
2020-09-18,-2.040876008260506
2020-09-21,-1.3840974455003319
2020-09-22,-2.469277465546693
2020-09-23,-6.263554113296399
2020-09-24,11.482159121475998
2020-09-25,2.675739082578521
2020-09-28,-5.774124874571839
2020-09-29,-1.7636944707469238
2020-09-30,0.35523816829612365
2020-10-01,5.85364670142644
2020-10-02,-3.0562574986749635
2020-10-05,2.3850988028205733
2020-10-06,-0.6756459111279312
2020-10-07,3.3336139860760894
2020-10-08,-0.3283871806260996
2020-10-09,2.597552206811393
2020-10-12,-3.589290234892495
2020-10-13,0.9917380280811017
2020-10-14,1.6313575191431062
2020-10-15,0.966194687668287
2020-10-16,0.3199984545014134
2020-10-19,7.684261887740906
2020-10-20,0.8836532640438266
2020-10-21,-7.930973925728835
2020-10-22,-7.924948789951269
2020-10-23,6.324914655307157
2020-10-26,-0.9724494798508787
2020-10-27,-1.6420915985628448
2020-10-28,1.3158288955365527
2020-10-29,11.70564161659967
2020-10-30,6.472030232453019
2020-11-02,14.201024492022206
2020-11-03,-10.720081215784294
2020-11-04,-1.8592877029483201
2020-11-05,2.3842129214929564
2020-11-06,2.328689438149656
2020-11-09,13.608578411391314
2020-11-10,-3.6367695441462233
2020-11-11,-2.817098510103455
2020-11-12,-0.23837109419857505
2020-11-13,-0.718568715430834
2020-11-16,4.924805485431838
2020-11-17,1.5891214350747251
2020-11-18,12.675177517567082
2020-11-19,-4.25596046915695
2020-11-20,-3.797915242462091
2020-11-23,-3.724420862575517
2020-11-24,3.2933881740280446
2020-11-25,-2.6259812322671827
2020-11-27,-4.072963806096608
2020-11-30,0.6904412167597407
2020-12-01,-0.22961348231911316
2020-12-02,5.588052319790959
2020-12-03,4.879012915141767
2020-12-04,-3.797915242462091
2020-12-07,0.21480953247157153
2020-12-08,3.7899298587760644
2020-12-09,0.6179413458527794
2020-12-10,4.418353251748797
2020-12-11,-1.984158606454911
2020-12-14,-13.267298623417068
2020-12-15,4.69357902867269
2020-12-16,1.3015418783989263
2020-12-17,0.6444549201423566
2020-12-18,-0.6444549201423566
2020-12-21,-0.4319454162714065
2020-12-22,-1.9673025018737134
2020-12-23,3.0437028382874765
2020-12-24,-3.0437028382874765
2020-12-28,-1.781787156433312
2020-12-29,-2.5029415128158483
2020-12-30,3.6202780481202845
2020-12-31,0.22198695241049116
2021-01-04,-3.6121360716559803
2021-01-05,3.1676871230739367
2021-01-06,-2.2523540024181665
2021-01-07,2.918291976013343
2021-01-08,-2.011242175351269
2021-01-11,-1.8223829213178444
2021-01-12,9.426467184805777
2021-01-13,-1.4752436386299417
2021-01-14,2.7226658375424373
2021-01-15,-8.401076799777218
2021-01-19,11.252578112046452
2021-01-20,-0.6042281521891679
2021-01-21,-3.913969011448293
2021-01-22,-3.8548877522294855
2021-01-26,-3.1044575935979646
2021-01-27,-5.08192276341215
2021-01-29,-0.7134354416635791
2021-02-01,2.125228996410411
2021-02-02,1.6222810221427242
2021-02-03,-0.2301289288747954
2021-02-04,-4.476608883927846
2021-02-05,1.6726632359130855
2021-02-08,0.708388207984112
2021-02-09,4.598498952846497
2021-02-10,-0.4504296626232085
2021-02-11,-1.5927694389987312
2021-02-12,1.3667691681259253
2021-02-16,-1.8265115793198339
2021-02-17,3.6202780481202845
2021-02-18,-6.899288043600049
2021-02-19,1.886857902211836
2021-02-22,-0.4683756856404653
2021-02-23,-0.23502966112225465
2021-02-25,-3.593194289782309
2021-02-26,1.2121428458851113
2021-03-01,-1.4563280483846253
2021-03-02,-0.7362300822628676
2021-03-03,0.9804152847623815
2021-03-04,-1.7220709670291656
2021-03-05,-2.512680946719703
2021-03-08,-2.577469554131828
2021-03-09,2.831583549385619
2021-03-10,2.753621698942754
2021-03-11,0.24660093478994227
2021-03-15,6.669167014575339
2021-03-16,-6.669167014575339
2021-03-17,3.6279880398398134
2021-03-18,-6.374705098218292
2021-03-22,0.2528431936021036
2021-03-23,-3.8614759897528605
2021-03-24,1.5625301270078662
2021-03-25,-1.3004230486743484
2021-03-26,1.041670274029971
2021-03-29,1.7972358731792593
2021-03-30,1.7654765599601552
2021-03-31,-2.7885120515288797
2021-04-01,0.7682453468490058
2021-04-05,1.267444216469782
2021-04-06,2.9779126394992916
2021-04-07,-3.736452715995564
2021-04-08,1.761063273356478
2021-04-09,-1.2547145044001562
2021-04-12,1.5037862489936327
2021-04-13,1.4814933164190025
2021-04-15,-4.512025245263085
2021-04-16,-2.5975484501135293
2021-04-19,-0.527725060438522
2021-04-20,-1.3315626425097982
2021-04-21,-4.664757649063733
2021-04-22,0.2804955773745066
2021-04-23,3.846621825398766
2021-04-26,-1.9048319172839223
2021-04-27,2.442472163574383
2021-04-28,-0.8075444235572826
2021-04-29,1.342294516013487
2021-04-30,1.849462829036752
2021-05-03,2.8389061472092303
2021-05-04,-1.0230354915687245
2021-05-05,2.0356895633187877
2021-05-06,-1.7789369873904004
2021-05-07,1.2739024862483461
2021-05-10,0.7566197348649162
2021-05-11,-2.544673758433369
2021-05-12,-2.0833969127934227
2021-05-13,-1.591551441419492
2021-05-14,5.968036878923422
2021-05-18,-1.0126540717500632
2021-05-19,-1.0230354915687245
2021-05-20,-2.340795874185142
2021-05-21,-0.527725060438522
2021-05-24,2.0943205530131292
2021-05-25,-3.963523441813388
2021-05-26,-2.7324182782774598
2021-05-27,0.552492304246921
2021-05-28,1.6393795254442844
2021-06-01,3.4623996163696713
2021-06-02,4.6043827071693855
2021-06-03,4.401712077888242
2021-06-04,-5.659569067240389
2021-06-07,3.238122759014739
2021-06-08,-1.9802657696625925
2021-06-09,3.1983145847295003
2021-06-10,-2.9486138760793867
2021-06-11,-1.761063273356478
2021-06-14,5.192780764380189
2021-06-15,-1.2121428458851113
2021-06-16,0.24359724927649484
2021-06-17,-2.7128726030652084
2021-06-18,2.4692753537887135
2021-06-21,2.647572755077432
2021-06-22,-4.121799533277937
2021-06-23,-1.2453531546789742
2021-06-24,0.2503045790907654
2021-06-25,-4.342946114091983
2021-06-28,-1.049879944002674
2021-06-30,-2.133409816858145
2021-07-01,2.659746089449899
2021-07-02,0.26210707833351776
2021-07-06,1.5584716942487864
2021-07-07,-0.25804864557443796
2021-07-08,10.303212249445926
2021-07-09,8.914584839741323
2021-07-12,-1.720493314625493
2021-07-13,4.038825658080292
2021-07-14,-0.20856124223462835
2021-07-15,-1.0493217361732032
2021-07-16,-3.2157174604382277
2021-07-19,-4.683122775278559
2021-07-20,-0.4576770652268136
2021-07-21,3.824986258055252
2021-07-22,0.4405331352073105
2021-07-23,-2.4472846890590816
2021-07-26,2.006751553851771
2021-07-27,4.74227809993466
2021-07-28,-3.42646451748454
2021-07-29,-0.87528044724281
2021-07-30,-1.1049837563361864
2021-08-02,-1.1173365353044362
2021-08-03,-2.5029415128158483
2021-08-04,0.2301289288747954
2021-08-05,-1.156095426858017
2021-08-06,-0.7001091212624377
2021-08-10,-1.4151033554898662
2021-08-11,3.271307903610321
2021-08-12,-1.156095426858017
2021-08-13,-3.791916075439228
2021-08-16,-0.9708691563905081
2021-08-17,-1.2270162195523238
2021-08-18,-2.2472729299864325
2021-08-19,6.595787085820315
2021-08-20,0.4716963535007501
2021-08-23,2.0955574400306487
2021-08-24,2.5029415128158483
2021-08-25,-1.5855220363951261
2021-08-26,-3.012976916451371
2021-08-27,3.9220690193504826
2021-08-30,3.991669669345921
2021-08-31,0.21713578379929377
2021-09-01,0.2167141386578253
2021-09-02,4.237910194911132
2021-09-03,-3.3758529122170033
2021-09-07,3.1681579637830692
2021-09-08,-2.739882116124681
2021-09-10,-3.700099300944615
2021-09-13,4.973994711606733
2021-09-14,-3.4338250031421547
2021-09-15,-1.5401697084645782
2021-09-16,0.4424636687183847
2021-09-17,-2.2322168190565206
2021-09-20,-7.4976663307291025
2021-09-21,0.7272719071140132
2021-09-22,0.4819327683132757
2021-09-23,-0.9661720122080331
2021-09-24,-3.7087277544945563
2021-09-27,3.7087277544945563
2021-09-28,-3.7087277544945563
2021-09-29,0.752822488210092
2021-09-30,2.2250901512891996
2021-10-01,12.184968103435345
2021-10-04,0.4319454162714065
2021-10-05,0.8583877140811103
2021-10-06,-5.039422788659542
2021-10-07,-0.6764299334960144
2021-10-08,0.22600027087280594
2021-10-11,0.22546526520474952
2021-10-13,0.8968809433725244
2021-10-15,2.643323189895841
2021-10-18,1.5102502588708822
2021-10-19,3.7819840742949307
2021-10-20,0.6166480613750247
2021-10-21,-3.333635173240168
2021-10-22,2.922959260063762
2021-10-25,2.2381278954143546
2021-10-26,1.3986390075199306
2021-10-27,-1.8018631602913393
2021-10-28,-1.0152200618542162
2021-10-29,-4.3802610637283745
2021-11-01,4.990647362661993
2021-11-02,-1.0193940665459422
2021-11-03,0.8163265553988053
2021-11-04,-2.0534488325713918
2021-11-05,-0.6243599177232939
2021-11-08,0.4166649692893598
2021-11-09,-1.0449239563752322
2021-11-10,-1.268526688229099
2021-11-11,0.21255670205488908
2021-11-12,-0.21255670205488908
2021-11-15,0.6362598812620135
2021-11-16,-3.2226209452624
2021-11-17,-0.43762887549509966
2021-11-18,-4.485063422306346
2021-11-19,-3.2636880592086692
2021-11-23,-2.884806081798197
2021-11-24,0.4866299124957507
2021-11-26,-1.7136461320480745
2021-11-29,1.2270162195523238
2021-11-30,3.593194289782309
2021-12-01,12.585498806064654
2021-12-02,-3.3758529122170033
2021-12-03,-1.2959072051512477
2021-12-06,-1.0929194442092838
2021-12-07,2.8171024970189196
2021-12-08,-3.25763563222623
2021-12-09,-2.4582170899293265
2021-12-10,3.55592312967552
2021-12-13,-2.20757665022544
2021-12-14,-4.800933678015573
2021-12-15,-1.4151033554898662
2021-12-16,-1.9185335241366452
2021-12-17,1.442331409193831
2021-12-20,-4.640645993923331
2021-12-21,4.879017088121906
2021-12-22,-0.477305010233664
2021-12-23,3.0626419273663608
2021-12-27,-1.4018843616835808
2021-12-28,-4.820210509334633
2021-12-29,-0.24721055864818098
2021-12-30,4.595724714482063
2021-12-31,0.7067260146230048
2022-01-04,-2.616081105019452
2022-01-05,-2.192558130647493
2022-01-06,-0.24660093478994227
2022-01-07,-1.74349638872362
2022-01-10,1.9900973235135622
2022-01-11,0.49140570063626043
2022-01-12,0.24482438162660713
2022-01-13,-1.2300415757009908
2022-01-14,0.7398265821576766
2022-01-18,-0.7398265821576766
2022-01-19,1.2300415757009908
2022-01-20,2.4155558426341317
2022-01-24,-5.141883248410561
2022-01-25,0.7509379631373436
2022-01-26,-0.2497007086501135
2022-01-27,0.9950485755882088
2022-01-28,6.237012010030241
2022-01-31,2.9784783481758614
2022-02-01,1.5677661979276447
2022-02-02,-3.6202780481202845
2022-02-03,-1.6260756192456594
2022-02-04,-1.1778700287691013
2022-02-07,3.2636880592086692
2022-02-08,-1.6185169038446912
2022-02-10,-3.3178343912770636
2022-02-11,4.706737812802642
2022-02-14,2.047848186522594
2022-02-15,1.3423009327228952
2022-02-16,1.7621566608750694
2022-02-17,-0.21855961819468028
2022-02-18,-0.21906925730041937
2022-02-22,4.0822009356835665
2022-02-23,-2.3430301817895405
2022-02-24,-0.6486595549292318
2022-02-25,1.720493314625493
2022-02-28,1.2711964220932792
2022-03-01,-0.42195111492606685
2022-03-02,-1.4909672004407515
2022-03-03,1.067264021233627
2022-03-04,2.929063106780938
2022-03-07,-3.996327128014565
2022-03-08,-2.169282620316748
2022-03-09,2.169282620316748
2022-03-10,5.834991000225442
2022-03-11,-1.2220158108358525
2022-03-14,-3.5457111681559628
2022-03-15,0.4237031792071244
2022-03-16,3.1220079889488384
2022-03-17,0.6128802883486273
2022-03-18,3.403735346290393
2022-03-21,2.3347233379369836
2022-03-22,-2.3347233379369836
2022-03-23,-2.5923878051724802
2022-03-24,1.603243266537513
2022-03-25,-0.5981925966397794
2022-03-28,-1.4098844328183313
2022-03-29,-1.0193940665459422
2022-03-30,-0.2051039847607461
2022-03-31,2.233559966416454
2022-04-05,-3.0583254610547783
2022-04-07,3.0583254610547783
2022-04-08,0.8000223984868882
2022-04-11,-1.404250550676056
2022-04-12,-1.0152200618542162
2022-04-13,2.0202707317519497
2022-04-14,-0.200187838831134
2022-04-18,1.1952265062272094
2022-04-19,1.9608470304477432
2022-04-20,1.3500610880858188
2022-04-21,-0.9624768108267956
2022-04-22,-2.7452773784630624
2022-04-25,-2.2111445406052477
2022-04-26,-4.149961728638973
2022-04-27,-1.0649969624297873
2022-04-28,-0.429152586191206
2022-04-29,-2.8355248958015222
2022-05-02,-2.2372424462240748
2022-05-03,4.208805453145215
2022-05-04,2.3581114375013756
2022-05-05,-5.442032924432283
2022-05-06,-1.8059334960035756
2022-05-09,-4.186641024266091
2022-05-10,3.271307903610321
2022-05-12,-0.692040414251105
2022-05-13,1.1507671656989737
2022-05-16,-1.1507671656989737
2022-05-17,2.2884230646961434
2022-05-18,-1.8265115793198339
2022-05-19,0.9174194764207222
2022-05-20,0.22804257310984344
2022-05-23,1.1325150658668237
2022-05-24,0.22496439741845897
2022-05-25,-0.22496439741845897
2022-05-26,2.006751553851771
2022-05-27,0.22053088620650474
2022-05-31,-0.22053088620650474
2022-06-01,-5.210695167232382
2022-06-02,-1.6412872955481772
2022-06-03,-0.7117562019483659
2022-06-06,0.23783102074423912
2022-06-07,0.9456215347048769
2022-06-08,-0.4716963535007501
2022-06-09,-4.3485141558338825
2022-06-10,-5.064373643453224
2022-06-13,-7.5507431911347345
2022-06-14,-1.1267979851729004
2022-06-15,3.068587893287744
2022-06-16,-8.901137370271496
2022-06-21,6.115457452466178
2022-06-23,-1.1363935659463031
2022-06-24,1.69978799826227
2022-06-27,3.3152095426486783
2022-06-28,-4.161511950447072
2022-06-29,-2.582625748880485
2022-06-30,4.546243963373886
2022-07-01,1.6529286547111388
2022-07-05,-2.770244461406146
2022-07-06,-1.4144585667766885
2022-07-07,-0.5714349358569848
2022-07-08,-1.1527439616813684
2022-07-11,0.5780167473939946
2022-07-12,-2.9241769320982547
2022-07-14,0.5916977653773081
2022-07-15,-0.2954029104302647
2022-07-18,3.4887147958099884
2022-07-19,-0.8608327186587772
2022-07-20,-1.4513797270691908
2022-07-21,-5.406742275468268
2022-07-22,1.227028251655704
2022-07-25,5.05307700348776
2022-07-26,2.0086564740701585
2022-07-27,6.861409405796848
2022-07-28,4.916911066424068
2022-07-29,4.445158305929264
2022-08-01,-1.215054358890022
2022-08-02,1.6969871272032977
2022-08-04,-2.187202120746612
2022-08-05,5.030999832587857
2022-08-08,0.46618559528470715
2022-08-09,-2.591414591695118
2022-08-10,1.1862602429192348
2022-08-11,-0.9478891487206598
2022-08-12,0.47506434746500403
2022-08-15,-1.432004157094413
2022-08-16,1.1947708303736482
2022-08-17,-3.136582339203553
2022-08-18,-0.49140570063626043
2022-08-19,-4.0206195446268245
2022-08-22,6.213177675274317
2022-08-23,1.9093550903964474
2022-08-24,0.7067260146230048
2022-08-25,0.4683756856404653
2022-08-26,-4.053002387268534
2022-08-29,2.403975505800937
2022-08-30,-2.647572755077432
2022-08-31,-4.4895420584685874
2022-09-01,2.020266704679874
2022-09-02,-3.045911012920599
2022-09-06,7.447623090808841
2022-09-07,0.7151360309779031
2022-09-08,2.3475058963884576
2022-09-09,3.1966145911629162
2022-09-12,0.44845403271829287
2022-09-13,-1.8059334960035756
2022-09-14,-0.45660636920790143
2022-09-15,-4.684703904119747
2022-09-16,-3.6634064065609984
2022-09-19,3.4233048252489073
2022-09-20,-1.209204675427289
2022-09-21,-3.2141098575524385
2022-09-22,-2.544673758433369
2022-09-23,-2.8760138492535114
2022-09-26,-2.6883263397778245
2022-09-27,1.8893918348184213
2022-09-28,2.3779132530415303
2022-09-29,3.8417088596047533
2022-09-30,2.2361124122331155
2022-10-03,1.7052693524333362
2022-10-05,-1.9512844411528896
2022-10-06,2.4332172094661653
2022-10-07,-0.24065907881867243
2022-10-10,-2.439159065437435
2022-10-11,-4.804971567375804
2022-10-12,4.061484886383004
2022-10-13,2.4571328130408743
2022-10-14,-3.2062098453752297
2022-10-17,2.475394730379965
2022-10-18,-0.9828310170528098
2022-10-19,-1.4925637133271552
2022-10-20,-2.025388689928964
2022-10-21,2.2756932690197296
2022-10-24,-3.045911012920599
2022-10-25,5.515186366709313
2022-10-26,2.409741734333193
2022-10-27,-1.4388725779426847
2022-10-28,1.6767035986869239
2022-10-31,1.4151033554898662
2022-11-01,0.46730112659487677
2022-11-02,-1.4084793008806162
2022-11-03,-2.634868023785808
2022-11-04,2.871000970558102
2022-11-07,-5.079701850083018
2022-11-08,-2.005061376111694
2022-11-09,-3.8714509363618754
2022-11-10,2.853614656694292
2022-11-11,5.715837779198951
2022-11-14,0.7220343496253667
2022-11-15,-2.181913090141996
2022-11-16,0.48900958412612106
2022-11-17,-4.4895420584685874
2022-11-18,4.2453568559690735
2022-11-21,-2.7263274057764297
2022-11-23,1.496285830075439
2022-11-25,4.242974414317846
2022-11-29,6.267110133757847
2022-12-02,6.336956324002174
2022-12-05,0.21907057456440615
2022-12-06,0.6543000882226702
2022-12-07,3.208829732561025
2022-12-08,-2.991685385602749
2022-12-09,0.8639505313548623
2022-12-12,6.049807040335309
2022-12-13,-1.8386571940196106
2022-12-14,0.2059628485564069
2022-12-15,-1.2422446701810363
2022-12-16,3.077153306906588
2022-12-19,-0.8113441417203049
2022-12-20,0.8113441417203049
2022-12-21,-3.913969519489413
2022-12-22,1.0449222830983596
2022-12-23,2.0577030946707486
2022-12-27,1.8163916310738548
2022-12-28,-2.0202659034808113
2022-12-29,-1.0256530711546974
2022-12-30,-1.4538202281655588
2023-01-03,0.625644477056464
2023-01-04,3.673904630680558
2023-01-05,4.697509058344007
2023-01-06,3.7528171303047086
2023-01-09,2.545579910375495
2023-01-10,1.0714324599477631
2023-01-11,0.3546113825030561
2023-01-12,1.2313297501573617
2023-01-13,2.076196118737572
2023-01-17,5.981849818093821
2023-01-18,-7.883372878367334
2023-01-19,-1.2291675649002798
2023-01-20,1.9248246259192525
2023-01-23,0.17315142968483688
2023-01-24,-0.6944400070804102
2023-01-25,7.061750973163616
2023-01-26,3.037812677097418
2023-01-27,1.872126747006142
2023-01-30,-2.8215123416503562
2023-01-31,1.2638437520654522
2023-02-01,5.497567683189208
2023-02-02,5.351957141079811
2023-02-03,-8.829256287185917
2023-02-06,-3.6025763018744383
2023-02-07,0.7942792181687919
2023-02-08,-2.4020270409097932
2023-02-09,-6.35666479280419
2023-02-10,6.031970733366765
2023-02-13,4.9177303781627435
2023-02-14,5.861935282763264
2023-02-15,-0.7325983529172797
2023-02-16,1.0241368134503048
2023-02-17,-5.382457535360996
2023-02-21,-2.8039137077886522
2023-02-22,1.567418108494678
2023-02-23,3.0630359282763253
2023-02-24,-2.5975565369176445
2023-02-27,5.276280273358158
2023-02-28,-1.1816933213619318
2023-03-01,-1.7991382218740082
2023-03-02,-3.2285759587353136
2023-03-03,2.3167128545529936
2023-03-07,-4.528491554676206
2023-03-09,-1.61034563697533
2023-03-10,-3.8052592356073722
2023-03-13,-5.014011534594198
2023-03-14,1.7575197970379541
2023-03-15,-9.304812175375844
2023-03-16,3.936790582229155
2023-03-17,-0.9233704370548379
2023-03-20,-1.1194080674748363
2023-03-21,2.957710554534132
2023-03-22,-1.8383024870592957
2023-03-23,-1.3072021187706895
2023-03-24,0.37522602830237783
2023-03-27,6.348469267254608
2023-03-28,3.6242028135995863
2023-03-29,1.8472364881590986
2023-03-30,-1.0033470197281513
2023-03-31,-2.3810630184463166
2023-04-03,1.8755843952552809
2023-04-04,-1.8755843952552809
2023-04-05,-2.615666458692667
2023-04-06,-0.35398374851427494
2023-04-10,3.1416290586322893
2023-04-11,1.872382475961909
2023-04-12,4.129400916174797
2023-04-13,-0.6493374571159949
2023-04-17,-1.4766425534048278
2023-04-18,-0.33113602010585996
2023-04-19,-3.373002215383547
2023-04-20,-0.5159005846693043
2023-04-21,-1.7391794757249501
2023-04-24,-0.5277073072442295
2023-04-25,-4.509334305509705
2023-04-26,-0.7407364199975675
2023-04-27,0.9250886403538106
2023-04-28,1.6438675755427123
2023-05-01,-0.9099368865403745
2023-05-02,-1.287970236517455
2023-05-03,-2.4368565131772213
2023-05-04,-0.7619210696123702
2023-05-05,2.268555532439187
2023-05-08,7.730696650017066
2023-05-09,0.8613344006404011
2023-05-11,-2.9593104562444905
2023-05-12,0.5286371951084501
2023-05-15,-1.2378717572410824
2023-05-16,-1.4337014625543265
2023-05-17,2.495680613334761
2023-05-18,-1.5972089002106227
2023-05-19,0.3571539186582262
2023-05-22,1.9418048993408155
2023-05-23,3.267703175233616
2023-05-24,0.3378301044100862
2023-05-25,0.33670169105906034
2023-05-26,-0.33670169105906034
2023-05-30,1.8379766060437452
2023-05-31,0.8244183647439396
2023-06-01,4.96498860191823
2023-06-02,2.523203793613904
2023-06-05,1.9868268216593155
2023-06-06,10.125374322336555
2023-06-07,-3.160540566610215
2023-06-08,-1.696267090542003
2023-06-09,2.4578866567782187
2023-06-12,-1.0678945212057034
2023-06-13,-2.014010990080606
2023-06-14,2.9300434537343545
2023-06-15,2.550783057925954
2023-06-16,5.756980411403201
2023-06-20,8.701138840896515
2023-06-21,-1.030942465509277
2023-06-22,-5.731075629986582
2023-06-23,6.6337229581469925
2023-06-26,3.2831177254089905
2023-06-27,-0.6230438308373998
2023-06-28,-2.0202691071183665
2023-06-29,-0.12762763978826364
2023-06-30,3.636756819822917
2023-07-03,0.6138824850904889
2023-07-05,0.6101250300794892
2023-07-06,-4.097405608186078
2023-07-07,1.6342227872632176
2023-07-10,-2.015173756752908
2023-07-11,2.5126989979013636
2023-07-12,2.208673842451736
2023-07-13,-0.8531412927568205
2023-07-14,-5.795070208705999
2023-07-17,0.5174651280763332
2023-07-19,-0.25840102046785773
2023-07-20,-2.754278261905374
2023-07-21,4.294743897755615
2023-07-24,-0.25509883966612357
2023-07-25,-0.12779700068201727
2023-07-26,-1.546421251757435
2023-07-27,-2.631735073204755
2023-07-28,2.631735073204755
2023-07-31,-1.30721024956455
2023-08-01,-1.9934247346695244
2023-08-02,-1.7603639918917002
2023-08-03,-2.9108144588052776
2023-08-04,2.637226781501556
2023-08-07,-0.6873024611606438
2023-08-08,2.5869408223806234
2023-08-10,0.13431330797544216
2023-08-11,-0.8086257745819836
2023-08-14,-5.994833157167756
2023-08-15,-1.885473223219325
2023-08-16,1.7416971442369311
2023-08-17,1.5703431066093732
2023-08-18,1.1267715127932787
2023-08-21,-1.4104698378883063
2023-08-22,2.9393360988617223
2023-08-23,2.047849801461843
2023-08-24,-3.4367632856448616
2023-08-25,-0.13995277679039742
2023-08-28,3.576716062435259
2023-08-29,-1.3605473403011992
2023-08-30,-1.3793478718007623
2023-09-01,0.13879411288768573
2023-09-05,-5.268119254366543
2023-09-06,-1.7699634652207585
2023-09-07,-5.035386389906793
2023-09-08,-1.1015109238066367
2023-09-11,2.962028187741428
2023-09-12,3.9161708178643506
2023-09-13,1.0286617733284098
2023-09-14,-0.43956616394784653
2023-09-15,-2.0772279970667773
2023-09-19,-1.3585122403785732
2023-09-20,-2.306024599226264
2023-09-21,-3.3204547348555824
2023-09-22,-1.4575164640459937
2023-09-25,-0.32679339941299457
2023-09-26,-1.8167349389825782
2023-09-27,-1.0050286369715167
2023-09-28,3.1485569753670894
2023-09-29,-4.504517131612729
2023-10-02,-1.7212157618240909
2023-10-03,-5.346302720426643
2023-10-04,4.546240797137702
2023-10-05,4.044098079795644
2023-10-06,3.2986550729214636
2023-10-09,-1.1869652603378578
2023-10-10,-3.030530112630947
2023-10-11,5.244637286787768
2023-10-12,-3.7178966206267816
2023-10-13,-2.7651462496093293
2023-10-16,1.6988810641308527
2023-10-17,7.803809837551623
2023-10-18,2.5176092759104485
2023-10-19,-2.0935738114233438
2023-10-20,0.8426919098160957
2023-10-23,-11.081433034011079
2023-10-24,1.2422516872858669
2023-10-25,1.9863148795602914
2023-10-26,-0.3030325064374617
2023-10-27,-4.659224509598658
2023-10-30,-2.7399021893530495
2023-10-31,-2.9852888266635125
2023-11-01,2.0000616290361872
2023-11-02,3.566023631728976
2023-11-03,-1.4434943942471357
2023-11-06,-1.1373020398545153
2023-11-07,1.9418124892975897
2023-11-08,0.1601334963565959
2023-11-09,-0.9646439457996703
2023-11-10,0.9646439457996703
2023-11-13,1.4297268306572075
2023-11-14,-0.15785851851017885
2023-11-15,-1.2718683121470287
2023-11-16,-0.803226717666683
2023-11-17,4.262679693802918
2023-11-20,12.479943938862004
2023-11-21,0.8152272008011829
2023-11-22,2.933541098211201
2023-11-24,6.486695782581009
2023-11-27,10.40048719697715
2023-11-28,0.4429774786365748
2023-11-29,1.6438743858484095
2023-11-30,-3.540191647275881
2023-12-01,0.5614783258157008
2023-12-04,-3.765415850349285
2023-12-05,10.058169594980626
2023-12-06,-6.854232070447042
2023-12-07,-2.162878977095817
2023-12-08,1.3714652140992545
2023-12-11,-0.6833722202215675
2023-12-12,0.7968067748850949
2023-12-13,2.6847304380001713
2023-12-14,-0.6644586039609823
2023-12-15,-1.4549785547875782
2023-12-18,0.8978734128281207
2023-12-19,-0.3357516889227252
2023-12-20,-1.3544313458121238
2023-12-21,-1.0279843451220128
2023-12-22,1.4815089432879347
2023-12-26,0.22598416255070752
2023-12-27,-0.3391680409502218
2023-12-28,-2.9887351740066403
2023-12-29,0.3494524806948007
2024-01-02,-3.912765845478283
2024-01-03,-1.830444044174384
2024-01-04,1.9512744492850898
2024-01-05,-2.941381315903846
2024-01-08,1.9705066491485068
2024-01-09,-5.515177220167011
2024-01-10,4.040946046500538
2024-01-11,-0.9950261332678734
2024-01-12,2.5911383100263974
2024-01-16,-4.483941362733868
2024-01-17,1.8928030527074702
2024-01-18,0.9950261332678734
2024-01-19,3.2869781129828635
2024-01-22,3.9911217152442946
2024-01-23,-1.9756381844448168
2024-01-24,0.468375303581281
2024-01-25,2.9921626496263176
2024-01-26,-0.4545430706374809
2024-01-29,-2.0714152455630686
2024-01-30,0.4640346991084954
2024-01-31,1.379334953572009
2024-02-01,0.9090969190308495
2024-02-02,-1.7114080242735863
2024-02-05,-7.5259196527254435
2024-02-06,0.9876620367564648
2024-02-07,-3.7551385261344272
2024-02-08,-3.901669510359196
2024-02-09,6.420690348753411
2024-02-12,-0.749072072451118
2024-02-13,-0.6285315044187278
2024-02-14,3.2260804918437858
2024-02-15,3.361670018414409
2024-02-16,1.6393726824547539
2024-02-20,0.23202644343958134
2024-02-21,-1.0483470691970531
2024-02-22,2.4292693075012473
2024-02-23,-2.781181276647926
2024-02-26,-0.4711400875506033
2024-02-27,-5.334606631256245
2024-02-28,-3.6782841834384072
2024-02-29,0.12911990741264479
2024-03-01,0.6430966724534137
2024-03-04,-0.12829167473378256
2024-03-05,-1.0322669519624572
2024-03-06,1.5444283776677725
2024-03-07,-1.8041704687542515
2024-03-08,0.6480841379166602
2024-03-11,-2.0888412640592158
2024-03-12,0.26350647019488527
2024-03-13,6.864196362910846
2024-03-14,0.12275894544537813
2024-03-15,-2.8626606035333513
2024-03-18,5.884048443503431
2024-03-19,-0.8368271824327644
2024-03-20,4.6901902903158765
2024-03-21,5.0261948814861235
2024-03-22,-1.8692283989290015
2024-03-25,2.73690667638391
2024-03-26,-1.1950276720362751
2024-03-27,2.5891582157632875
2024-03-28,-0.3200167550008626
2024-04-01,-2.0507934370767256
2024-04-02,-2.7641310160002597
2024-04-03,3.4163056197490604
2024-04-04,-0.9798697749722418
2024-04-05,5.946554463805587
2024-04-08,5.515187983196013
2024-04-09,-0.09761713961107255
2024-04-10,-3.27572438052659
2024-04-11,-0.5058185365552248
2024-04-12,-4.671315366014461
2024-04-15,0.21232140202398497
2024-04-16,-2.905013568639969
2024-04-17,0.9777524681512162
2024-04-18,0.7538922799255499
2024-04-19,2.6470608256906836
2024-04-22,5.390232276646367
2024-04-23,-2.101127907774636
2024-04-24,-4.762796373999212
2024-04-25,0.4232723457941123
2024-04-26,-0.211423654841969
2024-04-29,0.8429917745360616
2024-04-30,-0.3152854628134527
2024-05-01,-0.42193289983853965
2024-05-02,0.31661645814118344
2024-05-03,3.6217138120678616
2024-05-06,7.250960683050334
2024-05-07,1.034339163538922
2024-05-08,4.392287691672037
2024-05-09,-0.6286472787807362
2024-05-10,0.09004768505151972
2024-05-13,-3.9472753276963424
2024-05-14,2.3138493179493125
2024-05-15,4.473012693689871
2024-05-16,-1.6762574987561951
2024-05-17,-0.44584233158970754
2024-05-20,-0.08940362912452926
2024-05-21,-0.8984796523546112
2024-05-22,-4.05210614261744
2024-05-23,-5.605331217744114
2024-05-24,2.2605239288024492
2024-05-28,5.575377292183159
2024-05-29,1.5504163623605294
2024-05-30,3.904662986403773
2024-05-31,0.43421740259890207
2024-06-03,-1.6667037539325857
2024-06-04,-6.959332867138368
2024-06-05,-1.41131136494832
2024-06-06,-2.0513580050192104
2024-06-07,-2.2002006252201056
2024-06-10,2.4072457172281236
2024-06-11,-2.938307361330006
2024-06-12,1.3749609407895491
2024-06-13,5.118829216448928
2024-06-14,-1.305900053012099
2024-06-17,-4.0232399541312525
2024-06-18,2.59754588891985
2024-06-20,-5.372537253888554
2024-06-21,-3.524589602037942
2024-06-24,1.4468754547139806
2024-06-25,1.317255472056722
2024-06-26,-2.8763045159953204
2024-06-27,3.5284765011348806
2024-06-28,-2.968874005098998
2024-07-01,-6.097348587907536
2024-07-02,0.2369613686981964
2024-07-03,2.2236274372719578
2024-07-05,-0.46403883368286714
2024-07-08,-0.11634991392566185
2024-07-09,1.1574166819074527
2024-07-10,5.594293760720026
2024-07-11,1.189856994515015
2024-07-12,1.3881641854278648
2024-07-15,-0.21232014067398275
2024-07-16,1.16219989853934
2024-07-17,0.419288632459347
2024-07-18,-4.056054635908435
2024-07-19,2.2618050626595387
2024-07-22,-0.10655594836528337
2024-07-23,3.148225323509468
2024-07-24,-3.3616675604829727
2024-07-25,-0.8583760591192036
2024-07-26,1.9210820008998208
2024-07-29,-4.099821774625667
2024-07-30,0.4395620336323791
2024-07-31,5.337451218024114
2024-08-01,-1.8888375893707732
2024-08-02,-4.329678377369595
2024-08-05,-1.448487672868426
2024-08-06,2.8763045159953204
2024-08-07,-1.7602136547866465
2024-08-08,3.597116572084591
2024-08-09,3.987928358830972
2024-08-12,1.430052674184168
2024-08-13,2.1074504235373492
2024-08-14,1.6740971800488058
2024-08-15,5.694139256330155
2024-08-16,-1.4870096616078854
2024-08-19,0.5602123839628881
2024-08-20,-2.069677909604728
2024-08-21,-3.3836038886883912
2024-08-22,-3.8080778295387585
2024-08-23,1.016276089614676
2024-08-26,-1.016276089614676
2024-08-28,-0.9235510811612002
2024-08-29,3.445124382725462
2024-08-30,0.09954460867134252
2024-09-03,0.5952360001026946
2024-09-04,11.481137436685529
2024-09-05,4.230230894584519
2024-09-06,-0.8488988952210175
2024-09-09,3.5179449613646607
2024-09-10,-2.2472794833217513
2024-09-12,-0.08421284455910616
2024-09-13,1.5050523440059305
2024-09-16,0.6616991673119355
2024-09-17,-1.9983966805638964
2024-09-18,-2.641826876519371
2024-09-19,3.8124068379083997
2024-09-20,-2.440169912988832
2024-09-23,-0.42680690728489346
2024-09-24,-0.6006014079214861
2024-09-25,-2.527365942677351
2024-09-26,1.1408591731158602
2024-09-27,4.0193582310573905
2024-09-30,-4.71987893909489
2024-10-01,1.4827970422005787
2024-10-02,-1.1319277410629436
2024-10-03,1.304934098959043
2024-10-04,4.478993600876979
2024-10-07,-0.7465767687881097
2024-10-08,-1.0041944877803743
2024-10-09,2.3276157409287013
2024-10-10,0.8183409476861137
2024-10-11,2.0170084453732695
2024-10-14,-1.6915396703608643
2024-10-15,1.6915396703608643
2024-10-16,-3.9923851725990556
2024-10-17,2.1382393798201615
2024-10-18,1.213108505520477
2024-10-21,-2.6885522437971154
2024-10-22,0.740443012237213
2024-10-23,0.8163368381836289
2024-10-24,2.4097557498897526
2024-10-25,4.72772591943702
2024-10-28,-1.0654573185362448
2024-10-29,-1.231734718503219
2024-10-30,-0.15503514588655065
2024-10-31,0.8497537468738603
2024-11-01,1.4509540899727114
2024-11-04,0.9056760557239141
2024-11-05,1.934576581050429
2024-11-06,3.3336449823512027
2024-11-07,4.050830558872365
2024-11-08,-2.565131821082689
2024-11-11,-1.7712098475888283
2024-11-12,2.1217209281316762
2024-11-13,-0.2101563248647853
2024-11-14,4.992487385593458
2024-11-15,-1.817614873395712
2024-11-18,6.6362550058088665
2024-11-19,0.6337201609592835
2024-11-20,3.2932473656329897
2024-11-21,-0.42879012165277786
2024-11-22,-3.117462299992324
2024-11-25,8.048002313893976
2024-11-26,4.5184716966272465
2024-11-27,0.6545730503793479
2024-11-29,1.588727456913297
2024-12-02,-0.7029843480509168
2024-12-03,-0.3533541025857012
2024-12-04,-0.41384393874444036
2024-12-05,3.3210252919702477
2024-12-06,-2.026120655310848
2024-12-09,1.5666142751333378
2024-12-10,-5.077835677285769
2024-12-11,2.9247072260955242
2024-12-12,-2.2606504133524385
2024-12-13,-1.0281316332013901
2024-12-16,4.342041072886449
2024-12-17,-3.55487892139581
2024-12-18,-10.01469440033742
2024-12-19,0.2663114883115991
2024-12-20,2.1053389382458043
2024-12-23,0.6489340258954535
2024-12-24,-0.38885609779168995
2024-12-26,1.2903454059856934
2024-12-27,-1.030942128929624
2024-12-30,-2.425552503152817
2024-12-31,-0.9333360396314827
2025-01-02,6.420355321703086
2025-01-03,0.6261785006153708
2025-01-06,0.4981325469465059
2025-01-07,-5.42397926307685
2025-01-08,1.6905488892076104
2025-01-10,1.1538548055231246
2025-01-13,-5.907226585726022
2025-01-14,4.041621050535404
2025-01-15,1.2262208208412506
2025-01-16,-2.5992403874088854
2025-01-17,-3.2109751776531414
2025-01-21,4.389001289815742
2025-01-22,-0.5872783842104656
2025-01-23,0.7173203896292168
2025-01-24,2.3122395112683325
2025-01-27,-4.94570684261042
2025-01-28,-1.4785169309448953
2025-01-29,1.9444122698652588
2025-01-30,0.9910858544479151
2025-01-31,-2.800183463575312
2025-02-03,-2.1873715046115016
2025-02-04,-0.2768165162870595
2025-02-05,-3.526458423495882
2025-02-06,1.2130014739189399
2025-02-07,-7.432623286007534
2025-02-10,0.1526680009117598
2025-02-11,-0.4587123203354082
2025-02-12,6.812404399891525
2025-02-13,0.49982034973279355
2025-02-14,1.624906768684431
2025-02-18,-0.35100204139966173
2025-02-19,-1.4878066467542972
2025-02-20,2.39785921029374
2025-02-21,-1.3328891299293488
2025-02-24,-2.4304281232252922
2025-02-25,-2.639446920665911
2025-02-26,-0.37216411357579027
2025-02-27,-3.1051328453385985
2025-02-28,2.0556525378710777
2025-03-03,2.0880678561836064
2025-03-04,-2.541243998011522
2025-03-05,0.7541542511475097
2025-03-06,-1.5140392345688536
2025-03-07,1.6641856879385575
2025-03-10,-3.979097980153501
2025-03-11,3.301638455610867
2025-03-12,4.936546174398293
2025-03-13,-6.3053838987496835
2025-03-14,2.570052251077515
2025-03-17,2.2870817867667093
2025-03-18,-4.933734797224165
2025-03-19,3.241892314103012
2025-03-20,-0.7446008272215643
2025-03-21,2.7277760859365063
2025-03-24,-2.5038138197657656
2025-03-25,1.1860765442850862
2025-03-26,-0.29520289111308884
2025-03-27,-0.22197370022589702
2025-03-28,-2.0202741917948686
2025-03-31,-2.525966173010552
2025-04-01,2.298953334638476
2025-04-02,0.8298848790729174
2025-04-03,-2.973915967388363
2025-04-04,-2.9055823483770116
2025-04-07,-6.50167188425681
2025-04-08,-2.235692656401733
2025-04-09,6.56248656047751
2025-04-10,-2.6404149261947563
2025-04-11,6.553095417921817
2025-04-14,8.335025743243119
2025-04-15,0.14398493690994663
2025-04-16,0.430728737403685
2025-04-17,4.619434642711884
2025-04-21,-5.627365023659658
2025-04-22,3.134163477942975
2025-04-23,-0.5625888411223912
2025-04-24,1.4701002132156749
2025-04-25,0.13888546647007338
2025-04-28,-3.2442904827778563
2025-04-29,1.9169948558867222
2025-04-30,-2.348026166997874
2025-05-01,-1.1585995044032238
2025-05-02,0.9423782551514659
2025-05-05,-0.8695698854858769
2025-05-06,2.9403326994118295
2025-05-07,1.7513582960746454
2025-05-08,2.3336691142249233
2025-05-09,3.13882375459702
2025-05-12,-0.06576934753366181
2025-05-13,1.889922434878999
2025-05-14,-1.299562220660011
2025-05-15,-0.6561728462928684
2025-05-16,-0.8595038748403727
2025-05-19,4.034378415026119
2025-05-20,0.5723395617443394
2025-05-21,-1.5979885752292144
2025-05-22,-0.9711994145382707
2025-05-23,0.8422473820429488
2025-05-27,0.38635217926983323
2025-05-28,-0.9686906287749597
2025-05-29,0.12970467230002392
2025-05-30,-2.1618917069375687
